{"cameraMode":{"drawMode":0,"name":"Shaded","section":"Shading Mode"},"sceneLighting":true,"audioPlay":false,"sceneViewState":{"showFog":true,"showMaterialUpdate":false,"showSkybox":false,"showFlares":true,"showImageEffects":true,"showParticleSystems":true,"showVisualEffectGraphs":true,"m_FxEnabled":true},"in2DMode":false,"pivot":{"x":22.948423385620118,"y":1.9074008464813233,"z":58.69908905029297},"rotation":{"x":0.013151389546692372,"y":0.9388558864593506,"z":-0.036078695207834247,"w":0.3421793282032013},"size":4.963015079498291,"orthographic":false}