{"cameraMode":{"drawMode":0,"name":"Shaded","section":"Shading Mode"},"sceneLighting":true,"audioPlay":false,"sceneViewState":{"m_AlwaysRefresh":false,"showFog":true,"showSkybox":true,"showFlares":true,"showImageEffects":true,"showParticleSystems":true,"showVisualEffectGraphs":true,"m_FxEnabled":true},"in2DMode":false,"pivot":{"x":2.598825216293335,"y":3.7404818534851076,"z":-2.0831241607666017},"rotation":{"x":-0.046004168689250949,"y":0.24005736410617829,"z":-0.011387391947209835,"w":-0.9696146249771118},"size":4.752639293670654,"orthographic":false}