{"cameraMode":{"drawMode":0,"name":"Shaded","section":"Shading Mode"},"sceneLighting":true,"audioPlay":false,"sceneViewState":{"showFog":true,"showMaterialUpdate":false,"showSkybox":true,"showFlares":true,"showImageEffects":true,"showParticleSystems":true,"showVisualEffectGraphs":true,"m_FxEnabled":true},"in2DMode":false,"pivot":{"x":8.399765968322754,"y":2.6091456413269045,"z":-0.7244132161140442},"rotation":{"x":-0.051678337156772616,"y":0.6877498030662537,"z":-0.04919486865401268,"w":-0.7224466800689697},"size":12.032464027404786,"orthographic":false}